Timestamp,The,Quick ,Brown ,Fox ,Jumps,Over ,The,Lazy,Dog
4/12/2025 10:21:31,A,Slow,Red,Dog,Crawl,Under,A,Hard working,Cat
4/12/2025 12:00:34,An,Slow,Green,Dog,Stands,Under,An,Not lazy,Cat
4/12/2025 12:00:41,Start,Slow,Red,Hound,Sits,Under,Start,Active,Cat
4/12/2025 12:09:01,A,Slow,White,Sloth,Sleeps,Under,A,Energetic,Cat
4/12/2025 12:15:22,A,Slow,Black,Rabbit,Walks,Under,An,Quick,Cat
4/12/2025 12:51:54,Of,Slow ,Black,Bird,Rolls,Under,Of,Active,Cat
4/12/2025 14:14:56,A,Slow,Pink,Bird,Lies down,Under,A,Determined,Cat
4/12/2025 14:37:42,And,Slow,Blue,,Sinks,Under,And,Spry,Cat
4/12/2025 14:46:43,Eht,Slow,White,Hound,Crawls,Start,Eht ,Determined ,Cat
4/12/2025 14:47:12,Not,Fast,Black,Hou d,Leaps,Under,Price,Animated,Car
4/12/2025 15:00:22,A,Slow,Black,Red Panda,Slides,Under,A,Quick,Cat
4/12/2025 15:26:42,Any,Slow,Yellow,Hound,Falls,Under,Any,Industrious ,Cat
4/12/2025 15:32:43,Every,Fast,Purple,Whale,Stands,Under,Every,Proactive,Cat
4/12/2025 15:51:44,A,Slow,Black,Dog,Stands,Under,A,Motivated,Cat
4/12/2025 16:26:25,Any,Slow,Clear,Eagle,Dives,Under,Any,Motivated,Cat
4/12/2025 17:08:08,It,Slow,Yellow,Tortoise ,Digs,Under,It,Active,Cat
4/12/2025 18:11:50,Any,Slow,Blue,Hound,Tunnels,Under,Any,hardworking,Cat
4/12/2025 18:29:35,A,Slow,White,Not fox ,Crouch,Under,A,Active,Cat
4/12/2025 18:32:50,And,Slow,Red,Hound,Crawls,Under,And,Productive,Cat
4/12/2025 18:45:28,How,Slow ,Green,Dog,Stands,Under ,How,Active ,Cat
4/12/2025 18:50:24,Those,Slow,Pink,Elephant,Stops,Under,Those,Motivated,Cat
4/12/2025 18:51:58,A,Slow,Gray,Wildcat,Ducks,Under,A,Hardworking,Cat
4/12/2025 19:15:17,A,Slow,White,Hare,Sits,Under,A,Active,Cat
4/12/2025 21:01:51,Eht,Slow,White,Hound,Crawls,Start,Eht ,Determined ,Cat
4/13/2025 11:20:34,A/An,Slow,Blue,Sheep,Dives,Under,A/An,Energetic,Cat
4/13/2025 18:40:34,a ,Slow,White ,Turtle,Falls,Under,A ,Quick,Cat